Model,MAE,RMSE,R²
Baseline,50864.95688888889,76052.9862594463,
Linear Regression (Basic),417432.7435536207,495604.6968130665,0.1423327619457948
Linear Regression (Enhanced),53457.32529535927,73172.7030932309,0.981304107972177
